,BalancingElements,ColorHarmony,Content,DoF,Light,Object,RuleOfThirds,VividColor,score,epoch
0,0.9813686783307539,0.578857071980892,-0.5501817467667448,-0.6739065318007227,-0.06588384616895876,0.6098091518634461,,0.06880051303604351,0.04424862245997385,0
1,0.4746889285054766,0.5849513059218775,0.78050983780158,-0.7282561898170603,0.9749605862474473,0.3827526809722815,0.41124762192856845,-0.7966071763034206,-0.757795849934599,0
2,-0.24535087773129943,-0.2737427772047488,0.914828097698647,-0.17381501207903957,0.5741765958772447,-0.9193055270003062,0.2772968998026543,-0.8277180059321686,-0.320217929340045,0
3,0.32067798761363797,0.6234429254241459,0.2590616267607332,0.1312843082851196,-0.4705706543997832,-0.7276121929216123,0.3230066252841473,0.17593878060890852,-0.981999370013112,0
4,0.12605441918359356,-0.011981825666353932,-0.4047629956407733,,-0.6979383321158383,-0.7598878726041478,-0.5596085912869048,-0.11849715592883399,0.9597909812438045,0
5,0.8719471296758974,0.07535058885799822,0.13821218316575923,-0.3061547269324816,-0.5656416885981693,0.7529956161302881,-0.9514435671546031,0.941734127687259,-0.20346970321977678,0
6,0.9060368589533051,-0.45874253124549846,-0.2315750149157354,-0.9571942442465805,-0.01740911355349692,-0.9084687700417347,-0.18805655425007178,0.21754317027446193,0.5422479152933944,0
7,0.8886434021169118,0.9768998853867422,-0.7651730028854973,0.4228523940008937,0.7401655668872184,-0.22811305878815263,0.8704802238204382,-0.9843141889663066,0.9993349165203758,0
